Action,表示名,Take,秒数,Loop,FBX,RuntimeRef
MB_C_Idle,待機,Idle,4.8,True,GreenWare/Assets/Models/Player/Animations/Idle.fbx,guid:8013f1b0c65116d85912a864d3f1019e|Library/Baked/652cf49f63ec40a8b4e3e3f5c80072f8/anims/Idle.anim
MB_C_SwordWalk,剣歩き（両手）,SwordWalk,1.3666666666666667,True,GreenWare/Assets/Models/Player/Animations/SwordWalk.fbx,guid:031ebbd6e67261d9898f76cd06deb857|Library/Baked/1e6d7888971947ceb9e9ca9ded6dc5d4/anims/SwordWalk.anim
MB_C_Run_F,走り,Run_F,0.6,True,GreenWare/Assets/Models/Player/Animations/Run_F.fbx,guid:065fc494401a7056539b78461eff78b8|Library/Baked/4cbaa73fa602496fa5d1951052ea34ef/anims/Run_F.anim
MB_C_RunStop,走り停止,RunStop,0.9,False,GreenWare/Assets/Models/Player/Animations/RunStop.fbx,guid:fdc9e903734823a643c3af3fbb8ec9bc|Library/Baked/8019a28b210c4723a25aca32b83c1c48/anims/RunStop.anim
MB_C_Dodge,回避ローリング,Dodge,1.4,False,GreenWare/Assets/Models/Player/Animations/Dodge.fbx,guid:2898422c2e8d7d3862acebc592360e46|Library/Baked/7a2095243a6f4deeab39ae9bf23642ac/anims/Dodge.anim
MB_C_JumpStart,ジャンプ踏切,JumpStart,0.6,False,GreenWare/Assets/Models/Player/Animations/JumpStart.fbx,guid:ece5f3d2e9c49da09b5182a0f16fb0f2|Library/Baked/e2f096101cd64638a10b99b106b7da5b/anims/JumpStart.anim
MB_C_FallLoop,空中・落下,FallLoop,1.0,True,GreenWare/Assets/Models/Player/Animations/FallLoop.fbx,guid:05168376dc33bc5fa682bf22ffc9e21d|Library/Baked/fe60dd636b4a4a239e6bfbb5b230f5f2/anims/FallLoop.anim
MB_C_Land,着地,Land,0.7,False,GreenWare/Assets/Models/Player/Animations/Land.fbx,guid:44fc15d1b0cdba6974f834ca79a20e2f|Library/Baked/901c8ab9230e44728ca4ff2a551fe397/anims/Land.anim
MB_C_Slash01,斬撃,Slash01,1.7,False,GreenWare/Assets/Models/Player/Animations/Slash01.fbx,guid:44e3d16e380b5bbbbfb71aa23d1dbfad|Library/Baked/5504eddbbfc94223b1b818af16295b47/anims/Slash01.anim
MB_C_HighSpinAttack,回転斬り,HighSpinAttack,1.8666666666666667,False,GreenWare/Assets/Models/Player/Animations/HighSpinAttack.fbx,guid:49fc2cee68d30b5adf135f2796e52930|Library/Baked/493d01bbd29d49f4a2127b8df5cf44f4/anims/HighSpinAttack.anim
MB_C_JumpAttack,ジャンプ攻撃,JumpAttack,2.1666666666666665,False,GreenWare/Assets/Models/Player/Animations/JumpAttack.fbx,guid:ff9fee0f8bb5f479414fa60eb5cbd80b|Library/Baked/3d6851dcdf3148799153f50a0016935a/anims/JumpAttack.anim
MB_C_SlideAttack,スライド斬り,SlideAttack,2.1333333333333333,False,GreenWare/Assets/Models/Player/Animations/SlideAttack.fbx,guid:f318903764723f31bc36144d69bd49cf|Library/Baked/5c122d77aced43388c7a0712f05e5587/anims/SlideAttack.anim
MB_C_UnderSlash,切り上げ,UnderSlash,1.8333333333333333,False,GreenWare/Assets/Models/Player/Animations/UnderSlash.fbx,guid:111c581a18e3ab54ae4f8a3489d4b3d2|Library/Baked/9e094b3c70654151bdec385b37ae9e78/anims/UnderSlash.anim
MB_C_UnderSlashandUpperSlash,連続斬り,UnderSlashandUpperSlash,1.8,False,GreenWare/Assets/Models/Player/Animations/UnderSlashandUpperSlash.fbx,guid:950e258ec5950c35b6ec8c0e362cdd1b|Library/Baked/60a126f7835d420ebb85eb89e38d0bc4/anims/UnderSlashandUpperSlash.anim
MB_C_ToBlocking,ガード開始,ToBlocking,0.5,False,GreenWare/Assets/Models/Player/Animations/ToBlocking.fbx,guid:e868e45cccf53747bb47478207a97465|Library/Baked/57911fd51ce74fac920b7120996b5003/anims/ToBlocking.anim
MB_C_Blocking,ガード維持,Blocking,0.9666666666666667,True,GreenWare/Assets/Models/Player/Animations/Blocking.fbx,guid:5c39623af4ff4c868a59f410d205f78c|Library/Baked/8d8448298b4942609c57470778c13c9a/anims/Blocking.anim
MB_C_GuardHit,ガードヒット,GuardHit,0.5,False,GreenWare/Assets/Models/Player/Animations/GuardHit.fbx,guid:5ef8954912369033016d77197f2c9aed|Library/Baked/237865fc4ebd44ceafdf2dcaed33b848/anims/GuardHit.anim
MB_C_BlockingToIdle,ガード解除,BlockingToIdle,0.5,False,GreenWare/Assets/Models/Player/Animations/BlockingToIdle.fbx,guid:c55e17d2f4e684fe09033647649cdf2c|Library/Baked/f4205f13cfbc4cf1bb7fe14e63d366ad/anims/BlockingToIdle.anim
MB_C_Hit,被弾,Hit,1.2666666666666666,False,GreenWare/Assets/Models/Player/Animations/Hit.fbx,guid:a811fee1fde3556ba08c66eb375ee675|Library/Baked/a417880436274df4a656ac7cd43a45aa/anims/Hit.anim
MB_C_Death,死亡,Death,2.6,False,GreenWare/Assets/Models/Player/Animations/Death.fbx,guid:57827a91fe14128d54a1d51b985dc61b|Library/Baked/e72fa7c4248f4d5bb68e679073955c95/anims/Death.anim
MB_C_Victory,勝利,Victory,4.0,True,GreenWare/Assets/Models/Player/Animations/Victory.fbx,guid:46fdc91bbd6d32ce18a1744fed716b68|Library/Baked/b4ee8c4a3d34479eb653b724fe5c9648/anims/Victory.anim
MB_C_DefeatIdle,敗北,DefeatIdle,4.0,True,GreenWare/Assets/Models/Player/Animations/DefeatIdle.fbx,guid:7def61c1a29094ae57f8943565897c2c|Library/Baked/90176f8dee93410cadc776a2e7f64a7c/anims/DefeatIdle.anim
